{"token": "ya29.A0ARrdaM-irL2rLc91pSGs5CkExUufaKdN4fnU7030J37bYQ8vTOKXDXFhtsk1Xqp72bfh_DheYnmecntHofVr8Bfn_vmiPygsKx2ThnRt9vvI6Nwu6hkjhc1wqwQDvGni51PcAh2ITz3ACMeFIF-9NMQjbm8G-g", "refresh_token": "1//0g12C_7U3OKmaCgYIARAAGBASNwF-L9Irk7X7hNnYdUsf_rQRPgYf2eLuGKWMuesFVgftZJg8D4kMRgpJ4ZjXLMhxsu_RJ92eRr4", "id_token": null, "token_uri": "https://oauth2.googleapis.com/token", "client_id": "365419754254-ihnmrlocr9f4rurb6drb4ma576dc4ev0.apps.googleusercontent.com", "client_secret": "1rTjacWNR9Y5QXdBsXWwHyST"}